<?xml version="1.0"?>
<pagescount>
	<html_total>56</html_total>
	<html_done>56</html_done>
	<images>30</images>
	<script>33</script>
	<css>23</css>
	<pdf/>
	<documents/>
	<excel/>
	<powerpoint/>
	<flash/>
	<audios/>
	<videos/>
	<xml/>
	<json/>
	<txt/>
	<autocad/>
	<fonts>288</fonts>
	<scraping_reload>1</scraping_reload>
	<is_pretty_url>false</is_pretty_url>
	<is_ebn>false</is_ebn>
	<email>k2w.pro5@gmail.com</email>
	<theme_name>WmdTheme473065</theme_name>
	<server_url_front_page>https://www6.waybackmachinedownloader.com/wdo/files/demo/tienichmmo.net_k2w.pro5_gmail.com_yhja7yaw9i/</server_url_front_page>
	<no_www_url>tienichmmo.net</no_www_url>
	<hosted_domain/>
	<original_archive_url>https://tienichmmo.net/</original_archive_url>
	<final_archive_url>https://tienichmmo.net/</final_archive_url>
	<front_page_code_date/>
	<total_urls_from_api/>
	<max_reached_live>false</max_reached_live>
	<scrape_other_captures>false</scrape_other_captures>
	<total_size>13056</total_size>
</pagescount>
